Name,Straße,Hausnummer,PLZ,Ort,Land,Email,Telefonnummer,Website,Produktkategorien
Meinilds Bådebyggeri,,,,,DK,,,,Werften
Kragenæs Skibsproviantering,,,,,DK,,,http://www.k-s4943.dk/,Tauwerk;Beschläge;Bootszubehör
Aarhus Bedding,,,,,DK,,,,Werften;Service/Repair;Kran
Hellers,,,,,DK,,+45 32503017,https://hellers.dk/,Tauwerk;Beschläge;Bootszubehör
Ullman Sails Denmark,,,,,DK,,,https://ullmansails.dk/,Motor;Segelmacher
Yachtbasen,,,,,DK,,,,Tauwerk;Beschläge;Bootszubehör
Sydsjællands Ship Service,,,,,DK,,,,Werften;Service/Repair;Kran
Palby Marine,,,,,DK,,,https://www.palby.dk/,Tauwerk;Beschläge;Bootszubehör
Odden Bådeværft,,,,,DK,,,https://www.oddenbaade.com/,Werften;Service/Repair;Kran
Humlebæk Værft,,,,,DK,,,,Werften;Service/Repair;Kran
Nordbjærgs Bådeværft,,,,,DK,,,http://nordbjaerg.dk/,Werften;Service/Repair;Kran;Tauwerk;Beschläge;Bootszubehör
Peter Bruun Bådebyggeri,,,,,DK,,,,Werften;Service/Repair;Kran
Hundested Baadeværft,,,,,DK,,,https://www.hundestedbaadevaerft.com/,Werften;Service/Repair;Kran
Marineshoppen,,,,,DK,palle-marineshoppen@outlook.dk,,https://www.marineshoppenjuelsminde.dk,Tauwerk;Beschläge;Bootszubehör
S. N. Kjær,,,,,DK,,,,Tauwerk;Beschläge;Bootszubehör
X-Yachts,,,,,DK,info@x-yachts.com,+45 74521022,https://www.x-yachts.com/,Werften
Båd og Motor,,,,,DK,,,https://www.baad-motor.dk/,Motor;Tauwerk;Beschläge;Bootszubehör
Hvide Sande Shipyard,,,,,DK,,,https://hvsa.dk/,Werften;Service/Repair;Kran
Nolds Bådebyggeri,,,,,DK,,,,Werften;Service/Repair;Kran
Marinelageret,,,,,DK,,,https://marinelageret.dk/,Tauwerk;Beschläge;Bootszubehör
Søholm Yacht Service,,,,,DK,,,https://www.soeholmmarine.dk/,Werften;Service/Repair;Kran
MJ Værft Augustenborg I/S,,,,,DK,,,http://www.mj-vaerft.dk,Werften;Service/Repair;Kran
Søby Værft,,,,,DK,,,,Werften;Service/Repair;Kran
Hou Værft,,,,,DK,,,,Werften;Service/Repair;Kran
Bluebay Marine,,,,,DK,,,https://www.bluebay-marine.dk/,Tauwerk;Beschläge;Bootszubehör
